{
    "common": {
        "about": "Thông tin",
        "appdaemon_apps": "Ứng dụng AppDaemon",
        "background_task": "Tác vụ nền đang chạy, trang này sẽ được tải lại khi hoàn thành.",
        "check_log_file": "Kiểm tra tệp nhật ký để biết thêm chi tiết.",
        "continue": "Tiếp tục",
        "disabled": "Bị vô hiệu hoá",
        "documentation": "Tài liệu",
        "hacs_is_disabled": "HACS đã bị vô hiệu hoá",
        "installed": "đã cài đặt",
        "integration": "Tích Hợp",
        "integrations": "Tích Hợp",
        "manage": "quản lý",
        "netdaemon": "NetDaemon",
        "netdaemon_apps": "Ứng dụng NetDaemon",
        "plugin": "Bổ Sung",
        "plugins": "Bổ Sung",
        "python_script": "Chương trình Python",
        "python_scripts": "Chương trình Python",
        "repositories": "Các kho ứng dụng",
        "settings": "thiết lập",
        "theme": "Chủ đề",
        "themes": "Chủ đề",
        "version": "Phiên bản"
    },
    "config": {
        "abort": {
            "single_instance_allowed": "Chỉ cho phép một cấu hình HACS duy nhất."
        },
        "error": {
            "auth": "Mã Truy Cập Cá Nhân không đúng."
        },
        "step": {
            "user": {
                "data": {
                    "appdaemon": "Kích hoạt phát hiện & theo dõi các ứng dụng AppDaemon",
                    "netdaemon": "Kích hoạt phát hiện & theo dõi các ứng dụng NetDaemon",
                    "python_script": "Kích hoạt phát hiện & theo dõi các Chương trình Python",
                    "sidepanel_icon": "Biểu tượng bảng điều khiển cạnh bên",
                    "sidepanel_title": "Tiêu đề bảng điều khiển cạnh bên",
                    "theme": "Kích hoạt phát hiện & theo dõi các Chủ Đề",
                    "token": "Mã Truy Cập Cá Nhân từ GitHub"
                },
                "description": "Nếu bạn cần giúp đỡ về các cấu hình, hãy xem ở đây:\nhttps:\/\/hacs.xyz\/docs\/configuration\/start"
            }
        }
    },
    "confirm": {
        "add_to_lovelace": "Bạn có chắc muốn thêm vào tài nguyên Lovelace của mình không?",
        "bg_task": "Hành động bị vô hiệu hoá trong khi các tác vụ nền đang chạy.",
        "cancel": "Huỷ bỏ",
        "continue": "Bạn có chắc chắn muốn tiếp tục?",
        "delete": "Bạn có chắc muốn xoá '{item}'?",
        "delete_installed": "'{item}' đã được cài đặt, bạn cần gỡ cài đặt nó trước khi có thể xoá.",
        "exist": "{item} đang tồn tại",
        "generic": "Bạn có chắc không?",
        "home_assistant_is_restarting": "Khoan đã, Home Assistant đang khởi động lại.",
        "home_assistant_version_not_correct": "Bạn đang chạy phiên bản Home Assistant '{haversion}' nhưng kho ứng dụng này yêu cầu phiên bản thấp nhất '{minversion}' để cài đặt.",
        "no": "Không",
        "no_upgrades": "Không có cập nhật nào đang xử lý",
        "ok": "OK",
        "overwrite": "Tiếp tục sẽ khiến card này bị ghi đè lên.",
        "reload_data": "Điều này tải lại dữ liệu của tất cả các kho ứng dụng trong HACS, sẽ mất một lúc để hoàn tất.",
        "restart_home_assistant": "Bạn có muốn khởi động lại Home Assistant?",
        "uninstall": "Bạn có chắc muốn gỡ cài đặt '{item}'?",
        "upgrade_all": "Điều này sẽ nâng cấp tất cả các kho ứng dụng này, đảm bảo rằng bạn đã đọc tất cả các lưu ý phát hành trước khi tiếp tục.",
        "yes": "Có"
    },
    "options": {
        "step": {
            "user": {
                "data": {
                    "appdaemon": "Kích hoạt phát hiện & theo dõi các ứng dụng AppDaemon",
                    "country": "Lọc với mã quốc gia.",
                    "debug": "Kích hoạt Trình gỡ lỗi",
                    "experimental": "Kích hoạt các tính năng thử nghiệm",
                    "netdaemon": "Kích hoạt phát hiện & theo dõi các ứng dụng NetDaemon",
                    "not_in_use": "Không sử dụng với YAML",
                    "release_limit": "Số lượng phiên bản hiển thị.",
                    "sidepanel_icon": "Biểu tượng bảng điều khiển cạnh bên",
                    "sidepanel_title": "Tiêu đề bảng điều khiển cạnh bên"
                }
            }
        }
    },
    "repository_banner": {
        "config_flow": "Tích hợp này hỗ trợ config_flow, điều này có nghĩa là bây giờ bạn có thể chuyển đến khu vực Tích hợp trên giao diện để cấu hình nó.",
        "config_flow_title": "Hỗ trợ cấu hình qua giao diện người dùng",
        "integration_not_loaded": "Tích hợp này chưa được tải trong Home Assistant.",
        "no_restart_required": "Không cần khởi động lại",
        "not_loaded": "Chưa được tải",
        "plugin_not_loaded": "Bổ sung này chưa được thêm vào tài nguyên Lovelace của bạn.",
        "restart": "Bạn cần khởi động lại Home Assistant.",
        "restart_pending": "Đang chờ khởi động lại"
    },
    "repository": {
        "add_to_lovelace": "Thêm vào Lovelace",
        "authors": "Tác giả",
        "available": "Có sẵn",
        "back_to": "Quay lại",
        "changelog": "Nhật ký thay đổi",
        "downloads": "Tải xuống",
        "flag_this": "Đánh dấu mục này",
        "frontend_version": "Phiên bản Frontend",
        "github_stars": "Số Sao trên GitHub",
        "goto_integrations": "Đi đến Tích hợp",
        "hide": "Ẩn",
        "hide_beta": "Ẩn phiên bản beta",
        "install": "Cài đặt",
        "installed": "Đã cài đặt",
        "lovelace_copy_example": "Sao chép ví dụ vào bộ nhớ tạm",
        "lovelace_instruction": "Khi bạn thêm mục này vào cấu hình lovelace, sử dụng",
        "lovelace_no_js_type": "Không thể xác định loại Bổ sung này, kiểm tra lại kho ứng dụng.",
        "newest": "mới nhất",
        "note_appdaemon": "bạn vẫn cần thêm vào tập tin 'apps.yaml'",
        "note_installed": "Một khi được cài đặt, mục nằm sẽ nằm ở",
        "note_integration": "bạn vẫn cần thêm vào tập tin 'configuration.yaml'",
        "note_plugin": "bạn vẫn cần thêm vào cấu hình lovelace ('ui-lovelace.yaml' hoặc trình soạn thảo giao diện)",
        "note_plugin_post_107": "bạn vẫn cần phải thêm nó vào cấu hình Lovelace ('configuration.yaml' hoặc trình biên tập tài nguyên '\/config\/Lovelace\/Resources ')",
        "open_issue": "Báo cáo vấn đề",
        "open_plugin": "Mở Bổ sung",
        "reinstall": "Cài đặt lại",
        "repository": "Kho ứng dụng",
        "restart_home_assistant": "Khởi động lại Home Assistant",
        "show_beta": "Hiển thị phiên bản beta",
        "uninstall": "Gỡ cài đặt",
        "update_information": "Cập nhật thông tin",
        "upgrade": "Cập nhật"
    },
    "settings": {
        "add_custom_repository": "THÊM KHO ỨNG DỤNG TUỲ CHỈNH",
        "adding_new_repo": "Thêm kho ứng dụng mới '{repo}'",
        "adding_new_repo_category": "Với danh mục '{category}'",
        "bg_task_custom": "Các kho ứng dụng tuỳ chỉnh bị ẩn khi tác vụ nền đang chạy.",
        "category": "Danh mục",
        "compact_mode": "Chế độ thu gọn",
        "custom_repositories": "KHO ỨNG DỤNG TUỲ CHỈNH",
        "delete": "Xoá",
        "display": "Hiển thị",
        "grid": "Lưới",
        "hacs_repo": "Kho ứng dụng HACS",
        "hidden_repositories": "các kho ứng dụng bị ẩn",
        "missing_category": "Bạn cần chọn một danh mục",
        "open_repository": "Mở Kho ứng dụng",
        "reload_data": "Tải lại dữ liệu",
        "reload_window": "Tải lại cửa sổ",
        "repository_configuration": "Cấu hình Kho ứng dụng",
        "save": "Lưu",
        "table": "Bảng",
        "table_view": "Xem dạng bảng",
        "unhide": "thôi ẩn",
        "upgrade_all": "Nâng cấp tất cả"
    },
    "store": {
        "ascending": "tăng dần",
        "clear_new": "Xoá tất cả kho ứng dụng mới",
        "descending": "giảm dần",
        "last_updated": "Cập nhật lần cuối",
        "name": "Tên",
        "new_repositories": "Kho ứng dụng Mới",
        "pending_upgrades": "Nâng cấp chờ xử lý",
        "placeholder_search": "Vui lòng nhập cụm từ cần tìm",
        "sort": "sắp xếp",
        "stars": "Sao",
        "status": "Trạng thái"
    },
    "time": {
        "ago": "trước",
        "day": "ngày",
        "days": "ngày",
        "hour": "giờ",
        "hours": "giờ",
        "minute": "phút",
        "minutes": "phút",
        "month": "tháng",
        "months": "tháng",
        "one": "Một",
        "one_day_ago": "một ngày trước",
        "one_hour_ago": "một giờ trước",
        "one_minute_ago": "một phút trước",
        "one_month_ago": "một tháng trước",
        "one_second_ago": "một giây trước",
        "one_year_ago": "một năm trước",
        "second": "giây",
        "seconds": "giây",
        "x_days_ago": "{x} ngày trước",
        "x_hours_ago": "{x} giờ trước",
        "x_minutes_ago": "{x} phút trước",
        "x_months_ago": "{x} tháng trước",
        "x_seconds_ago": "{x} giây trước",
        "x_years_ago": "{x} năm trước",
        "year": "năm",
        "years": "năm"
    }
}